{
  "entityId": 1587,
  "x": 224.48353805157674,
  "y": 28,
  "z": 275.5409500017226,
  "yaw": 70,
  "pitch": 0,
  "onGround": true
}