{
  "entityId": 1587,
  "x": 224.66575096020574,
  "y": 28.12001894519378,
  "z": 275.768170539196,
  "yaw": -30,
  "pitch": 0,
  "onGround": false
}