{
  "entityId": 129,
  "x": 258.5366613417864,
  "y": 47,
  "z": 286.53665782511234,
  "yaw": -32,
  "pitch": 0,
  "onGround": true
}