{
  "soundId": 537,
  "soundCategory": 7,
  "x": -1596,
  "y": 552,
  "z": -1860,
  "volume": 0.20000000298023224,
  "pitch": 2.8349294662475586
}