{
  "soundId": 537,
  "soundCategory": 7,
  "x": -1596,
  "y": 564,
  "z": -1860,
  "volume": 0.20000000298023224,
  "pitch": 2.3649024963378906
}