{
  "x": 170.73244878777382,
  "y": 64.15999151661968,
  "z": 257.18061060829336,
  "yaw": 0,
  "pitch": 0,
  "flags": 0,
  "teleportId": 3
}