{
  "runtime_entity_id": "7",
  "velocity": {
    "x": 0.05989347770810127,
    "y": -0.07840000092983246,
    "z": -0.0524107962846756
  }
}