{
  "x": -5.573267588038525,
  "y": 72.89773855288968,
  "z": 16.698806357163548,
  "yaw": 0,
  "pitch": 0,
  "flags": 0,
  "teleportId": 3,
  "dismountVehicle": false
}