{
  "x": 370.49658203125,
  "y": 60.43942642211914,
  "z": 128.4205322265625,
  "radius": 1,
  "affectedBlockOffsets": [],
  "playerMotionX": 0,
  "playerMotionY": 0,
  "playerMotionZ": 0
}