{
  "entityId": 252,
  "x": 36.64095000321269,
  "y": 27,
  "z": 190.54095000172256,
  "yaw": -68,
  "pitch": 0,
  "onGround": true
}