{
  "soundId": 286,
  "soundCategory": 7,
  "x": -132,
  "y": 552,
  "z": 2132,
  "volume": 0.20000000298023224,
  "pitch": 2.778642416000366
}