{
  "soundId": 471,
  "soundCategory": 6,
  "x": -531,
  "y": 544,
  "z": 2041,
  "volume": 0.4000000059604645,
  "pitch": 0.8696051239967346
}