{
  "soundId": 166,
  "soundCategory": 6,
  "x": 228,
  "y": 600,
  "z": 2001,
  "volume": 0.4000000059604645,
  "pitch": 1.0423758029937744
}