{
  "soundId": 286,
  "soundCategory": 7,
  "x": -140,
  "y": 552,
  "z": 2100,
  "volume": 0.20000000298023224,
  "pitch": 2.888937473297119
}