{
  "x": -190.51145136772578,
  "y": 68.37941534807295,
  "z": 162.93358673727198,
  "yaw": 0,
  "pitch": 0,
  "flags": 0,
  "teleportId": 3
}