{
  "x": -253.50875602065105,
  "y": 68.50899431493232,
  "z": 13.984622279221242,
  "yaw": 0,
  "pitch": 0,
  "flags": 0,
  "teleportId": 3
}