{
  "x": -112.65999999642372,
  "y": 69.52000000327826,
  "z": 248.5,
  "yaw": 0,
  "pitch": 0,
  "flags": 0
}