{
  "entityId": 37,
  "x": -95.69999998807907,
  "y": 111,
  "z": 99.05890965678957,
  "yaw": 48,
  "pitch": 0,
  "onGround": true
}