{
  "entityId": 37,
  "x": -95.69999998807907,
  "y": 111.41999998688698,
  "z": 99.08578903500603,
  "yaw": 43,
  "pitch": 0,
  "onGround": false
}