{
  "entityId": 192,
  "x": -67.45904999827742,
  "y": 18,
  "z": -2.3590499967873098,
  "yaw": 4,
  "pitch": 0,
  "onGround": true
}