{
  "soundId": 268,
  "soundCategory": 7,
  "x": -2052,
  "y": 504,
  "z": 1364,
  "volume": 0.20000000298023224,
  "pitch": 1.4692537784576416
}