{
  "soundId": 268,
  "soundCategory": 7,
  "x": 1716,
  "y": 588,
  "z": 2044,
  "volume": 0.20000000298023224,
  "pitch": 1.218172311782837
}