{
  "soundId": 268,
  "soundCategory": 7,
  "x": -2100,
  "y": 504,
  "z": 1372,
  "volume": 0.20000000298023224,
  "pitch": 2.306180715560913
}