{
  "soundId": 268,
  "soundCategory": 7,
  "x": 1836,
  "y": 568,
  "z": 2060,
  "volume": 0.20000000298023224,
  "pitch": 1.9197208881378174
}