{
  "entityId": 100,
  "x": -108.0416518973411,
  "y": 67.20000000298023,
  "z": -37.87500516061525,
  "yaw": 13,
  "pitch": 0,
  "onGround": false
}