{
  "entityId": 118,
  "x": -64.90682832952353,
  "y": 64.20000000298023,
  "z": 134.09316273372676,
  "yaw": -32,
  "pitch": 0,
  "onGround": false
}