{
  "entityId": 146,
  "objectUUID": "7ea45b6a-2e67-41f7-b7d1-385560aa41a5",
  "type": 18,
  "x": -167.07499998807907,
  "y": 72,
  "z": 21.92500001192093,
  "pitch": 0,
  "yaw": -63,
  "headPitch": -63,
  "objectData": 0,
  "velocityX": 368,
  "velocityY": -627,
  "velocityZ": 368
}