{
  "entityId": 145,
  "objectUUID": "3b93c60c-4b5a-4b06-9fcc-12cb926be4f8",
  "type": 18,
  "x": -167.92500001192093,
  "y": 72,
  "z": 21.07499998807907,
  "pitch": 0,
  "yaw": 109,
  "headPitch": 109,
  "objectData": 0,
  "velocityX": -737,
  "velocityY": -627,
  "velocityZ": -737
}