{
  "entityId": 147,
  "objectUUID": "888d8eed-96df-4ab3-9879-c29e7c3f5a5e",
  "type": 108,
  "x": -171.36854471010184,
  "y": 77,
  "z": 47.27950138091441,
  "pitch": 0,
  "yaw": -30,
  "headPitch": -30,
  "objectData": 0,
  "velocityX": 0,
  "velocityY": -627,
  "velocityZ": 0
}