{
  "entityId": 45,
  "objectUUID": "d44a2eea-9787-4aed-a0a5-edb12449aa43",
  "type": 116,
  "x": -106.80673015712532,
  "y": 79,
  "z": 42.85585184565198,
  "pitch": 0,
  "yaw": -99,
  "headPitch": -99,
  "objectData": 0,
  "velocityX": 555,
  "velocityY": -627,
  "velocityZ": -637
}