{
  "soundId": 343,
  "soundCategory": 7,
  "x": -324,
  "y": 536,
  "z": -1164,
  "volume": 0.20000000298023224,
  "pitch": 2.6077818870544434
}