{
  "entityId": 125,
  "x": 11.238125038804668,
  "y": 11,
  "z": 26.33083178844739,
  "yaw": 50,
  "pitch": 0,
  "onGround": true
}