{
  "entityId": 27,
  "x": 114.2800002450091,
  "y": 63.41999998688698,
  "z": -29.44999998807907,
  "yaw": -11,
  "pitch": 0,
  "onGround": false
}