{
  "entityId": 229,
  "x": 99.74294203926652,
  "y": 47,
  "z": -69.00815448397803,
  "yaw": -42,
  "pitch": 0,
  "onGround": true
}