{
  "entityId": 178,
  "entityUUID": "ccb365bc-d9b6-4051-bf5c-2362123ba078",
  "type": 68,
  "x": 96.89999997615814,
  "y": 72,
  "z": -287.10000002384186,
  "yaw": 123,
  "pitch": 0,
  "headPitch": 123,
  "velocityX": 0,
  "velocityY": 0,
  "velocityZ": 0
}