{
  "event": "particle_bubble",
  "position": {
    "x": 37.98956298828125,
    "y": 18.11194610595703,
    "z": -20.151351928710938
  },
  "data": 8
}