{
  "soundId": 683,
  "soundCategory": "player",
  "x": 76,
  "y": 560,
  "z": -52,
  "volume": 0.20000000298023224,
  "pitch": 1.0659235715866089,
  "seed": [
    609538653,
    9812861
  ]
}