{
  "soundId": 683,
  "soundCategory": "player",
  "x": 76,
  "y": 560,
  "z": -52,
  "volume": 0.20000000298023224,
  "pitch": 1.769363284111023,
  "seed": [
    -301587551,
    764911894
  ]
}