{
  "soundId": 683,
  "soundCategory": "player",
  "x": 12,
  "y": 552,
  "z": -36,
  "volume": 0.20000000298023224,
  "pitch": 2.2953014373779297,
  "seed": [
    1695829085,
    466297097
  ]
}