{
  "entityId": 468,
  "x": -137.45904999827744,
  "y": 33,
  "z": -263.5409500017226,
  "yaw": 32,
  "pitch": 0,
  "onGround": true
}