{
  "runtime_entity_id": "7",
  "velocity": {
    "x": -0.20861871540546417,
    "y": -0.07840000092983246,
    "z": -0.1259683221578598
  }
}