{
  "x": 9.688524534170948,
  "y": 66.49438743788699,
  "z": 20.935884902899076,
  "yaw": 0,
  "pitch": 0,
  "flags": 24,
  "teleportId": 3
}