{
  "entityId": 40,
  "x": 188.39999999850988,
  "y": 68,
  "z": 351.3999999985099,
  "yaw": 107,
  "pitch": 0,
  "onGround": true
}