{
  "entityId": 41,
  "x": 187.39999999850988,
  "y": 68,
  "z": 354.3999999985099,
  "yaw": 108,
  "pitch": 0,
  "onGround": true
}