{
  "soundId": 286,
  "soundCategory": 7,
  "x": 2388,
  "y": 600,
  "z": 1980,
  "volume": 0.20000000298023224,
  "pitch": 2.0325045585632324
}