{
  "soundId": 286,
  "soundCategory": 7,
  "x": 2380,
  "y": 584,
  "z": 2044,
  "volume": 0.20000000298023224,
  "pitch": 2.4878437519073486
}