{
  "x": -152.54575317147518,
  "y": 64.20065950403958,
  "z": -225.11732038537102,
  "yaw": 0,
  "pitch": 0,
  "flags": 0,
  "teleportId": 4
}