{
  "entityId": 161,
  "x": 43.45904999827743,
  "y": -23,
  "z": -28.540950001722575,
  "yaw": -33,
  "pitch": 0,
  "onGround": true
}