{
  "entityId": 160,
  "x": 46.64095000321269,
  "y": -23,
  "z": -24.459049998277425,
  "yaw": -68,
  "pitch": 0,
  "onGround": true
}