{
  "entityId": 195,
  "x": -11.540950001722575,
  "y": 21,
  "z": -65.3590499967873,
  "yaw": -4,
  "pitch": 0,
  "onGround": true
}