{
  "entityId": 161,
  "x": 43.51372946722946,
  "y": -22.879981049286894,
  "z": -28.47878486355611,
  "yaw": -48,
  "pitch": 0,
  "onGround": false
}