{
  "entityId": 410,
  "x": -217.33456194348798,
  "y": 52,
  "z": 6.550000000745058,
  "yaw": -18,
  "pitch": 0,
  "onGround": true
}