{
  "entityId": 432,
  "x": -250.26435715971246,
  "y": 19,
  "z": -54.413497167561204,
  "yaw": -45,
  "pitch": 0,
  "onGround": true
}