{
  "soundId": 580,
  "soundCategory": 7,
  "x": 60,
  "y": 808,
  "z": 84,
  "volume": 0.20000000298023224,
  "pitch": 1.844914197921753,
  "seed": [
    1656638591,
    -1200900037
  ]
}