{
  "soundId": 580,
  "soundCategory": 7,
  "x": 60,
  "y": 808,
  "z": 84,
  "volume": 0.20000000298023224,
  "pitch": 2.2120449542999268,
  "seed": [
    964219842,
    1909826255
  ]
}