{
  "soundId": 580,
  "soundCategory": 7,
  "x": -44,
  "y": 728,
  "z": 60,
  "volume": 0.20000000298023224,
  "pitch": 1.9544072151184082,
  "seed": [
    2086981664,
    -1348510724
  ]
}