{
  "soundId": 580,
  "soundCategory": 7,
  "x": -44,
  "y": 728,
  "z": 60,
  "volume": 0.20000000298023224,
  "pitch": 2.603646993637085,
  "seed": [
    782974111,
    -115979531
  ]
}