{
  "entityId": 2165,
  "x": 222.69550000696978,
  "y": 24,
  "z": 194.69550000696978,
  "yaw": -3,
  "pitch": 0,
  "onGround": true
}