{
  "entityId": 1171,
  "x": 135.58353805306686,
  "y": 21,
  "z": -256.3590499967873,
  "yaw": -18,
  "pitch": 0,
  "onGround": true
}