{
  "x": 16.360550559010367,
  "y": 69.09701166517979,
  "z": 253.25660477716784,
  "yaw": 0,
  "pitch": 0,
  "flags": 0,
  "teleportId": 3
}