{
  "entityId": 98,
  "objectUUID": "ef6a0cf8-25b9-45bc-81fa-ba48b60cd920",
  "type": 2,
  "x": 165.54138475995745,
  "y": 16.67686485513248,
  "z": 200.8051436663608,
  "pitch": 0,
  "yaw": 71,
  "objectData": 1,
  "velocityX": 49,
  "velocityY": -2868,
  "velocityZ": -347
}