{
  "entityId": 123,
  "objectUUID": "fcb5d974-1339-49c8-91eb-afdda3b823db",
  "type": 2,
  "x": 14.975912972728105,
  "y": 64,
  "z": 185.83531297334417,
  "pitch": 0,
  "yaw": -115,
  "objectData": 1,
  "velocityX": 134,
  "velocityY": 0,
  "velocityZ": -452
}