{
  "entityId": 134,
  "objectUUID": "2ad57531-6dc8-4d50-ad48-077dcd9e61d9",
  "type": 2,
  "x": 175.9344277626082,
  "y": 11,
  "z": 215.265731361849,
  "pitch": 0,
  "yaw": -52,
  "objectData": 1,
  "velocityX": -263,
  "velocityY": 0,
  "velocityZ": -43
}