{
  "entityId": 81,
  "objectUUID": "fbb26fd5-48cb-4b88-ab75-23a0336f0e4b",
  "type": 2,
  "x": 166.17694715765418,
  "y": 45.09754519978748,
  "z": 310.0345387028377,
  "pitch": 0,
  "yaw": -111,
  "objectData": 1,
  "velocityX": 644,
  "velocityY": -1843,
  "velocityZ": 2042
}