{
  "entityId": 135,
  "objectUUID": "b0ef259a-7d61-4d09-9359-1cd04aa3e2df",
  "type": 2,
  "x": 176.1777247651829,
  "y": 11,
  "z": 216.7122043958389,
  "pitch": 0,
  "yaw": 16,
  "objectData": 1,
  "velocityX": -162,
  "velocityY": 0,
  "velocityZ": -280
}