{
  "x": 20.489959965671066,
  "y": 72.029998120366,
  "z": 155.93444104691443,
  "yaw": 0,
  "pitch": 0,
  "flags": 0,
  "teleportId": 3
}