{
  "soundId": 276,
  "soundCategory": "neutral",
  "x": 172,
  "y": 522,
  "z": -580,
  "volume": 0.4000000059604645,
  "pitch": 0.9321689009666443,
  "seed": [
    -1943829090,
    -2065501396
  ]
}