{
  "soundId": 631,
  "soundCategory": "player",
  "x": 292,
  "y": 600,
  "z": -516,
  "volume": 0.20000000298023224,
  "pitch": 2.108328342437744,
  "seed": [
    1869430099,
    -1230342975
  ]
}