{
  "entityId": 15,
  "entityUUID": "e71ac79c-0369-4b48-8289-78845b46faf8",
  "type": 71,
  "x": -55.73662407264271,
  "y": 70,
  "z": 28.79012271853639,
  "yaw": -14,
  "pitch": 0,
  "headPitch": -3,
  "velocityX": 138,
  "velocityY": -627,
  "velocityZ": 416
}