{
  "entityId": 14,
  "entityUUID": "52a32a1b-7566-4d5c-a444-7b8a0ef60f87",
  "type": 71,
  "x": -56.038827550536155,
  "y": 70,
  "z": 27.870035368288733,
  "yaw": -83,
  "pitch": 0,
  "headPitch": -83,
  "velocityX": 0,
  "velocityY": -627,
  "velocityZ": -20
}