{
  "soundId": 342,
  "soundCategory": 7,
  "x": -2028,
  "y": 536,
  "z": 100,
  "volume": 0.20000000298023224,
  "pitch": 2.3930766582489014
}