{
  "soundId": 342,
  "soundCategory": 7,
  "x": -2036,
  "y": 560,
  "z": 180,
  "volume": 0.20000000298023224,
  "pitch": 3.0479841232299805
}