{
  "entityId": 55,
  "x": 347.95834810265893,
  "y": 64.20000000298023,
  "z": -164.87500516061525,
  "yaw": 13,
  "pitch": 0,
  "onGround": false
}