{
  "soundId": 391,
  "soundCategory": 6,
  "x": -571,
  "y": 624,
  "z": 2020,
  "volume": 0.4000000059604645,
  "pitch": 1.0025928020477295
}