{
  "x": 8.490036786163847,
  "y": 69.00215932429985,
  "z": 19.706088748571627,
  "yaw": 0,
  "pitch": 0,
  "flags": 0,
  "teleportId": 3,
  "dismountVehicle": false
}