{
  "entityId": 235,
  "x": 34.45904999827743,
  "y": -25,
  "z": -45.54095000172257,
  "yaw": -32,
  "pitch": 0,
  "onGround": true
}