{
  "entityId": 242,
  "x": -10.449999999254942,
  "y": 11,
  "z": -60.35904999678731,
  "yaw": -20,
  "pitch": 0,
  "onGround": true
}