{
  "x": 7.416250792931675,
  "y": 83.89425927991049,
  "z": 58.34510768349669,
  "yaw": 0,
  "pitch": 0,
  "flags": 0,
  "teleportId": 3,
  "dismountVehicle": false
}