{
  "particleId": 2,
  "longDistance": false,
  "x": -5.573267588038525,
  "y": 69,
  "z": 16.698806357163548,
  "offsetX": 0,
  "offsetY": 0,
  "offsetZ": 0,
  "particleData": 0.15000000596046448,
  "particles": 40,
  "data": {
    "blockState": 9
  }
}