{
  "soundId": 401,
  "soundCategory": 7,
  "x": -2124,
  "y": 632,
  "z": -316,
  "volume": 0.20000000298023224,
  "pitch": 1.47520911693573
}