{
  "soundId": 401,
  "soundCategory": 7,
  "x": 588,
  "y": 632,
  "z": -2100,
  "volume": 0.20000000298023224,
  "pitch": 1.1680314540863037
}