{
  "soundId": 363,
  "soundCategory": 7,
  "x": -1220,
  "y": 504,
  "z": -1860,
  "volume": 0.20000000298023224,
  "pitch": 1.8451792001724243
}