{
  "soundId": 363,
  "soundCategory": 7,
  "x": -1284,
  "y": 512,
  "z": -1892,
  "volume": 0.20000000298023224,
  "pitch": 2.2239911556243896
}