{
  "entityId": 95,
  "x": 226.37034945819025,
  "y": 71.92159999847412,
  "z": 313.5,
  "yaw": 64,
  "pitch": 11,
  "onGround": false
}