{
  "entityId": 1647,
  "x": 184.71527850352024,
  "y": 47,
  "z": 261.69999999925494,
  "yaw": 74,
  "pitch": 0,
  "onGround": true
}