{
  "entityId": 1943,
  "x": -246.48353805157674,
  "y": 54,
  "z": 116.48353805157677,
  "yaw": -95,
  "pitch": 0,
  "onGround": true
}