{
  "x": 298.4416394776968,
  "y": 76.00070709905587,
  "z": 257.74080894005584,
  "yaw": 0,
  "pitch": 0,
  "flags": 0,
  "teleportId": 3
}