{
  "soundId": 354,
  "soundCategory": 6,
  "x": 2023,
  "y": 544,
  "z": -1719,
  "volume": 0.800000011920929,
  "pitch": 1.1677229404449463
}