{
  "soundId": 401,
  "soundCategory": 7,
  "x": 1460,
  "y": 520,
  "z": -60,
  "volume": 0.20000000298023224,
  "pitch": 1.5693013668060303
}