{
  "soundId": 401,
  "soundCategory": 7,
  "x": 1540,
  "y": 544,
  "z": -76,
  "volume": 0.20000000298023224,
  "pitch": 1.5749181509017944
}