{
  "soundId": 371,
  "soundCategory": 5,
  "x": 1964,
  "y": 502,
  "z": -476,
  "volume": 0.03161678835749626,
  "pitch": 1.2036491632461548
}