{
  "x": 182.5208746161738,
  "y": 64.05399498344761,
  "z": 12.329860880195268,
  "yaw": 0,
  "pitch": 0,
  "flags": 0,
  "teleportId": 4
}