{
  "soundId": 342,
  "soundCategory": 7,
  "x": -1476,
  "y": 520,
  "z": -596,
  "volume": 0.20000000298023224,
  "pitch": 1.9502999782562256
}