{
  "soundId": 306,
  "soundCategory": 6,
  "x": 1560,
  "y": 536,
  "z": 1976,
  "volume": 0.800000011920929,
  "pitch": 1.1353079080581665
}