{
  "soundId": 306,
  "soundCategory": 6,
  "x": 1595,
  "y": 544,
  "z": 1955,
  "volume": 0.800000011920929,
  "pitch": 0.9271524548530579
}