{
  "soundId": 306,
  "soundCategory": 6,
  "x": 1612,
  "y": 536,
  "z": 1972,
  "volume": 0.800000011920929,
  "pitch": 0.9309095144271851
}