{
  "soundId": 290,
  "soundCategory": 6,
  "x": -1423,
  "y": 501,
  "z": -566,
  "volume": 0.10186538845300674,
  "pitch": 1.055352807044983
}