{
  "soundId": 306,
  "soundCategory": 6,
  "x": 1547,
  "y": 536,
  "z": 1984,
  "volume": 0.800000011920929,
  "pitch": 1.1018493175506592
}