{
  "soundId": 342,
  "soundCategory": 7,
  "x": -1492,
  "y": 504,
  "z": -652,
  "volume": 0.20000000298023224,
  "pitch": 2.64707088470459
}