{
  "x": 37.03010881503214,
  "y": 36.0297259538735,
  "z": -16.36131690050229,
  "yaw": 0,
  "pitch": 0,
  "flags": 24,
  "teleportId": 3,
  "dismountVehicle": false
}