{
  "entityId": 215,
  "x": -228.49635590310615,
  "y": 36,
  "z": 62.795686777971156,
  "yaw": -25,
  "pitch": 0,
  "onGround": true
}