{
  "entityId": 252,
  "x": -253.54095000172256,
  "y": 34,
  "z": 30.35904999678731,
  "yaw": -124,
  "pitch": 0,
  "onGround": true
}