{
  "entityId": 174,
  "objectUUID": "4a53431d-34aa-4b86-bf88-235237b878ab",
  "type": 37,
  "x": 278.5005929172039,
  "y": 38.5413413643837,
  "z": -35.68576368689537,
  "pitch": 0,
  "yaw": 99,
  "objectData": 0,
  "velocityX": 472,
  "velocityY": 1600,
  "velocityZ": 631
}