{
  "entityId": 303,
  "objectUUID": "35802680-b494-445e-ae34-8bf607debc2b",
  "type": 37,
  "x": 213.64689007401466,
  "y": 29.288492411375046,
  "z": -153.7140993475914,
  "pitch": 0,
  "yaw": -116,
  "objectData": 0,
  "velocityX": -255,
  "velocityY": 1600,
  "velocityZ": -157
}