{
  "entityId": 243,
  "objectUUID": "16319512-8bac-4277-b1bf-e3b5544927d7",
  "type": 37,
  "x": 278.5103846490383,
  "y": 38.57445028424263,
  "z": -37.405110746622086,
  "pitch": 0,
  "yaw": 37,
  "objectData": 0,
  "velocityX": -33,
  "velocityY": 1600,
  "velocityZ": 491
}