{
  "entityId": 325,
  "objectUUID": "799dcafa-99fa-4f34-a58f-dfb6eace5260",
  "type": 37,
  "x": 323.5334415733814,
  "y": 64.52993887662888,
  "z": -285.6520644724369,
  "pitch": 0,
  "yaw": 110,
  "objectData": 0,
  "velocityX": 757,
  "velocityY": 1600,
  "velocityZ": 632
}