{
  "entityId": 561,
  "objectUUID": "443744b3-d58e-4566-b345-c43932d2a9a5",
  "type": 34,
  "x": 63.272982597351074,
  "y": 24.267571091651917,
  "z": 47.7370103597641,
  "pitch": 0,
  "yaw": -100,
  "objectData": 0,
  "velocityX": 436,
  "velocityY": 1600,
  "velocityZ": -618
}