{
  "entityId": 602,
  "objectUUID": "1fcd8a0b-fb6b-4407-92b5-5ddc9d8da87e",
  "type": 34,
  "x": 206.3707425892353,
  "y": 33.58639231324196,
  "z": 328.5233855843544,
  "pitch": 0,
  "yaw": 72,
  "objectData": 0,
  "velocityX": 352,
  "velocityY": 1600,
  "velocityZ": 79
}