{
  "entityId": 603,
  "objectUUID": "dd0189d2-7abb-42fb-b0c7-b2282277fd7e",
  "type": 34,
  "x": 221.74885669350624,
  "y": 38.564844101667404,
  "z": 329.6041469871998,
  "pitch": 0,
  "yaw": -42,
  "objectData": 0,
  "velocityX": -257,
  "velocityY": 1600,
  "velocityZ": 343
}