{
  "entityId": 687,
  "objectUUID": "10845fa0-14ed-4eb0-8886-970f2c9e6698",
  "type": 34,
  "x": 205.26309478282928,
  "y": 33.537646144628525,
  "z": 328.31190237402916,
  "pitch": 0,
  "yaw": -109,
  "objectData": 0,
  "velocityX": 40,
  "velocityY": 1600,
  "velocityZ": 370
}