{
  "entityId": 775,
  "objectUUID": "fccf7ea7-857d-45e4-be66-374c72070f4f",
  "type": 34,
  "x": 204.72195181250572,
  "y": 33.4513463973999,
  "z": 328.4207935035229,
  "pitch": 0,
  "yaw": 115,
  "objectData": 0,
  "velocityX": 17,
  "velocityY": 1600,
  "velocityZ": -521
}