{
  "entityId": 67,
  "x": 141.8724360188575,
  "y": 69,
  "z": 189.06427853376505,
  "yaw": 117,
  "pitch": 0,
  "onGround": true
}