{
  "entityId": 65,
  "x": 141.45754526599882,
  "y": 69.92159999847412,
  "z": 189.69958417855568,
  "yaw": 121,
  "pitch": 0,
  "onGround": false
}