{
  "entityId": 427,
  "x": 186.55000000074506,
  "y": 24,
  "z": 68.3590499967873,
  "yaw": -108,
  "pitch": 0,
  "onGround": true
}