{
  "entityId": 431,
  "x": 185.64095000321268,
  "y": 24,
  "z": 67.55000000074506,
  "yaw": -44,
  "pitch": 0,
  "onGround": true
}