{
  "entityId": 125,
  "objectUUID": "1af6fac2-6f22-43f5-bb69-ef3b744ea404",
  "type": 45,
  "x": 11.1128263781745,
  "y": 11.37022794075042,
  "z": 26.335861145982303,
  "pitch": 0,
  "yaw": 50,
  "headPitch": 0,
  "objectData": 0,
  "velocityX": 1002,
  "velocityY": -4099,
  "velocityZ": -40
}