{
  "soundId": 258,
  "soundCategory": 7,
  "x": 1364,
  "y": 512,
  "z": 1932,
  "volume": 0.20000000298023224,
  "pitch": 2.902346134185791
}