{
  "entityId": 218,
  "x": -159.35904999678732,
  "y": 30,
  "z": -179.64095000321268,
  "yaw": -96,
  "pitch": 0,
  "onGround": true
}