{
  "entityId": 15,
  "x": -55.73662407264271,
  "y": 70,
  "z": 28.79012271853639,
  "yaw": -14,
  "pitch": 0,
  "onGround": true
}