{
  "entityId": 14,
  "x": -56.15981288339278,
  "y": 70.20000000298023,
  "z": 27.922199910639442,
  "yaw": 47,
  "pitch": 0,
  "onGround": false
}