{
  "entityId": 234,
  "x": -7.359049996787309,
  "y": -24,
  "z": -12.35904999678731,
  "yaw": -32,
  "pitch": 0,
  "onGround": true
}