{
  "entityId": 233,
  "x": 66.73556044703872,
  "y": -9,
  "z": 17.26423746171429,
  "yaw": -56,
  "pitch": 0,
  "onGround": true
}