{
  "entityId": 2201,
  "objectUUID": "7bbd0042-94af-4eff-9380-8d528cc50aa6",
  "type": 2,
  "x": 36.32288411259651,
  "y": 69.67592063546181,
  "z": 179.63359352946281,
  "pitch": 0,
  "yaw": -83,
  "objectData": 1,
  "velocityX": -732,
  "velocityY": 1600,
  "velocityZ": -621
}