{
  "entityId": 2204,
  "objectUUID": "dd873564-a4ef-4aed-8482-20708cf2bf50",
  "type": 2,
  "x": 34.913120615952224,
  "y": 70,
  "z": 191.30356307032596,
  "pitch": 0,
  "yaw": -124,
  "objectData": 1,
  "velocityX": -665,
  "velocityY": 1600,
  "velocityZ": -159
}