{
  "entityId": 294,
  "objectUUID": "25ccb575-0bd4-4cef-a113-4641353613e1",
  "type": 2,
  "x": 263.53545826391013,
  "y": 47.5158978253603,
  "z": 276.4498409628213,
  "pitch": 0,
  "yaw": -120,
  "objectData": 1,
  "velocityX": 399,
  "velocityY": 1568,
  "velocityZ": 734
}