{
  "entityId": 1677,
  "objectUUID": "767ea35b-1505-43ad-99ef-74fb4a3205b0",
  "type": 2,
  "x": -239.414621591568,
  "y": 18.572153687477112,
  "z": -91.43450731039047,
  "pitch": 0,
  "yaw": 37,
  "objectData": 1,
  "velocityX": -796,
  "velocityY": 1600,
  "velocityZ": 88
}