{
  "entityId": 2205,
  "objectUUID": "a3caadba-e7ca-44eb-9ff6-ad1545e556b9",
  "type": 2,
  "x": 34.913120615952224,
  "y": 70,
  "z": 191.30356307032596,
  "pitch": 0,
  "yaw": -4,
  "objectData": 1,
  "velocityX": -530,
  "velocityY": 1600,
  "velocityZ": -65
}