{
  "entityId": 295,
  "objectUUID": "571bfb6d-ea25-4dcd-9523-ed7053edb037",
  "type": 2,
  "x": 263.6729521973828,
  "y": 48.778634294867516,
  "z": 276.3017347194343,
  "pitch": 0,
  "yaw": 119,
  "objectData": 1,
  "velocityX": -134,
  "velocityY": 1568,
  "velocityZ": -356
}