{
  "entityId": 296,
  "objectUUID": "c9230c28-c220-4d95-a8cd-d1c53fcd9059",
  "type": 2,
  "x": 263.6301767750644,
  "y": 49.513228103518486,
  "z": 276.6796761888365,
  "pitch": 0,
  "yaw": 70,
  "objectData": 1,
  "velocityX": -409,
  "velocityY": 1568,
  "velocityZ": -75
}