{
  "soundId": 268,
  "soundCategory": 7,
  "x": 980,
  "y": 560,
  "z": 1956,
  "volume": 0.20000000298023224,
  "pitch": 2.833265781402588
}