{
  "soundId": 268,
  "soundCategory": 7,
  "x": 884,
  "y": 552,
  "z": 1940,
  "volume": 0.20000000298023224,
  "pitch": 1.5258235931396484
}