{
  "entityId": 60,
  "objectUUID": "918b4f86-684f-4247-8ba5-fbfab7363a90",
  "type": 12,
  "x": -136.20000000298023,
  "y": 63.7531999805212,
  "z": -68.96449067743438,
  "pitch": 0,
  "yaw": -35,
  "headPitch": -35,
  "objectData": 0,
  "velocityX": 0,
  "velocityY": 1985,
  "velocityZ": 374
}