{
  "entityId": 4,
  "objectUUID": "f0dec702-9080-4d3e-a793-3400ffe451c6",
  "type": 100,
  "x": -74.94300411121704,
  "y": 63,
  "z": 26.22800062657094,
  "pitch": 0,
  "yaw": -20,
  "headPitch": -20,
  "objectData": 0,
  "velocityX": 14,
  "velocityY": -627,
  "velocityZ": 58
}