{
  "entityId": 748,
  "x": -54.33456194348798,
  "y": 31,
  "z": -0.45904999827742576,
  "yaw": -79,
  "pitch": 0,
  "onGround": true
}