{
  "entityId": 748,
  "x": -54.342836456866664,
  "y": 31.12001894519378,
  "z": -0.5268300037607782,
  "yaw": 83,
  "pitch": 0,
  "onGround": false
}