{
  "entityId": 274,
  "x": -159.54095000172256,
  "y": 20,
  "z": 230.35904999678732,
  "yaw": -124,
  "pitch": 0,
  "onGround": true
}