{
  "entityId": 272,
  "x": -259.6409500032127,
  "y": 26,
  "z": 150.54095000172256,
  "yaw": 68,
  "pitch": 0,
  "onGround": true
}