{
  "entityId": 214,
  "objectUUID": "68583883-ebd2-43cc-9605-b3fdb6f0cd13",
  "type": 2,
  "x": -247.57336943835898,
  "y": 29.68373368680477,
  "z": 25.667830122787276,
  "pitch": 0,
  "yaw": -110,
  "objectData": 1,
  "velocityX": -204,
  "velocityY": 1568,
  "velocityZ": 426
}