{
  "entityId": 240,
  "x": 93.62457000466942,
  "y": 44,
  "z": 97.4134971675612,
  "yaw": -87,
  "pitch": 0,
  "onGround": true
}