{
  "entityId": 103,
  "x": 316.2637126284185,
  "y": 69.41999998688698,
  "z": 247.76946537433525,
  "yaw": -14,
  "pitch": 0,
  "onGround": false
}