{
  "entityId": 287,
  "x": 81.26435715971246,
  "y": 44,
  "z": 102.73564284028754,
  "yaw": 32,
  "pitch": 0,
  "onGround": true
}