{
  "entityId": 516,
  "x": 22.583538053066878,
  "y": 47,
  "z": 180.33456194348798,
  "yaw": -86,
  "pitch": 0,
  "onGround": true
}