{
  "entityId": 98,
  "x": 165.5621132070908,
  "y": 16,
  "z": 200.65972298906598,
  "yaw": 71,
  "pitch": 0,
  "onGround": true
}