{
  "entityId": 44,
  "x": 265.49833384513965,
  "y": 67.72665494258928,
  "z": 249.54857540366206,
  "yaw": 65,
  "pitch": 0,
  "onGround": false
}