{
  "entityId": 81,
  "x": 166.75986633632112,
  "y": 45,
  "z": 311.0394436951102,
  "yaw": -111,
  "pitch": 0,
  "onGround": true
}