{
  "entityId": 132,
  "x": 199.30189196218032,
  "y": 19,
  "z": 215.09102726863978,
  "yaw": 117,
  "pitch": 0,
  "onGround": true
}