{
  "entityId": 559,
  "x": 28.334561943487973,
  "y": 50,
  "z": 201.45904999827744,
  "yaw": 49,
  "pitch": 0,
  "onGround": true
}