{
  "entityId": 329,
  "x": 228.34999999403954,
  "y": 42,
  "z": 304.34999999403954,
  "yaw": -58,
  "pitch": 0,
  "onGround": true
}