{
  "entityId": 330,
  "x": 229.34999999403954,
  "y": 42,
  "z": 302.34999999403954,
  "yaw": 40,
  "pitch": 0,
  "onGround": true
}