{
  "entityId": 82,
  "x": 165.70483607456836,
  "y": 45,
  "z": 311.96750821848684,
  "yaw": -14,
  "pitch": 0,
  "onGround": true
}