{
  "entityId": 123,
  "x": 15.205439834044812,
  "y": 64,
  "z": 185.04405726325925,
  "yaw": -115,
  "pitch": 0,
  "onGround": true
}