{
  "soundId": 580,
  "soundCategory": 7,
  "x": -44,
  "y": 576,
  "z": 52,
  "volume": 0.20000000298023224,
  "pitch": 1.9227584600448608,
  "seed": [
    -1363272253,
    446420668
  ]
}