{
  "soundId": 580,
  "soundCategory": 7,
  "x": -44,
  "y": 576,
  "z": 52,
  "volume": 0.20000000298023224,
  "pitch": 2.729325532913208,
  "seed": [
    -19933938,
    -1200915254
  ]
}