{
  "soundId": 580,
  "soundCategory": 7,
  "x": 52,
  "y": 576,
  "z": 28,
  "volume": 0.20000000298023224,
  "pitch": 2.3772010803222656,
  "seed": [
    1292440827,
    337510781
  ]
}