{
  "soundId": 580,
  "soundCategory": 7,
  "x": 52,
  "y": 576,
  "z": 28,
  "volume": 0.20000000298023224,
  "pitch": 1.808237075805664,
  "seed": [
    -2012264740,
    -323613476
  ]
}