{
  "soundId": 541,
  "soundCategory": 7,
  "x": 68,
  "y": 544,
  "z": 76,
  "volume": 0.20000000298023224,
  "pitch": 1.8704077005386353
}