{
  "entityId": 180,
  "entityUUID": "9d3f438b-3274-4227-ba28-e080a12c917f",
  "type": 11,
  "x": -415.10000002384186,
  "y": 64,
  "z": -175.10000002384186,
  "yaw": -4,
  "pitch": 0,
  "headPitch": -4,
  "velocityX": 0,
  "velocityY": 0,
  "velocityZ": 0
}