{
  "entityId": 231,
  "objectUUID": "b5dcd955-8734-4418-b141-5e54dbd3d89e",
  "type": 37,
  "x": -346.2750301091053,
  "y": 26.613823932409286,
  "z": -52.37409994693095,
  "pitch": 0,
  "yaw": 110,
  "objectData": 0,
  "velocityX": 629,
  "velocityY": 1568,
  "velocityZ": 538
}