{
  "x": -265.6115516523041,
  "y": 78.55161539032615,
  "z": -22.324572900818374,
  "yaw": 0,
  "pitch": 0,
  "flags": 0,
  "teleportId": 3
}