{
  "x": 73.49506089320731,
  "y": 80.50962996071426,
  "z": -261.0074166671626,
  "yaw": 0,
  "pitch": 0,
  "flags": 0,
  "teleportId": 5
}