{
  "x": -13.504155285180373,
  "y": 64.50160367998824,
  "z": 16.983654838122824,
  "yaw": 0,
  "pitch": 0,
  "flags": 24,
  "teleportId": 3
}