{
  "soundId": 343,
  "soundCategory": 7,
  "x": -1524,
  "y": 536,
  "z": 1268,
  "volume": 0.20000000298023224,
  "pitch": 2.129340171813965
}