{
  "soundId": 343,
  "soundCategory": 7,
  "x": -1476,
  "y": 512,
  "z": 1220,
  "volume": 0.20000000298023224,
  "pitch": 1.516359567642212
}