{
  "soundId": 674,
  "soundCategory": "player",
  "x": -108,
  "y": 504,
  "z": 124,
  "volume": 0.20000000298023224,
  "pitch": 2.03523325920105,
  "seed": [
    1429398886,
    729095774
  ]
}