{
  "soundId": 674,
  "soundCategory": "player",
  "x": -108,
  "y": 504,
  "z": 124,
  "volume": 0.20000000298023224,
  "pitch": 1.923896074295044,
  "seed": [
    -242775067,
    1008133519
  ]
}