{
  "soundId": 674,
  "soundCategory": "player",
  "x": -156,
  "y": 504,
  "z": 148,
  "volume": 0.20000000298023224,
  "pitch": 1.219301462173462,
  "seed": [
    -1345893729,
    -475467449
  ]
}